Workbook

Sheet Pivot
A1: Exploración / Exploration
A2: Refresh All after editing Data / Actualizar todo después de editar Data
A5: Row Labels | B5: Production kt | C5: Exports USD m | D5: Price cents lb
A6: 1976 | B6: 1005.2 | C6: 1233.2 | D6: 63.611
A7: 1977 | B7: 1056.2 | C7: 1161.4 | D7: 59.29
A8: 1978 | B8: 1035.5 | C8: 1218.7 | D8: 61.886
A9: 1979 | B9: 1065 | C9: 1887.9 | D9: 89.83
A10: 1980 | B10: 1074.6 | C10: 2124.7 | D10: 99.174
A11: 1981 | B11: 1081.1 | C11: 1737.8 | D11: 78.949
A12: 1982 | B12: 1240.7 | C12: 1684.6 | D12: 67.057
A13: 1983 | B13: 1257.2 | C13: 1874.9 | D13: 72.173
A14: 1984 | B14: 1290 | C14: 1603.9 | D14: 62.449
A15: 1985 | B15: 1356 | C15: 1788.7 | D15: 64.281
A16: 1986 | B16: 1401.1 | C16: 1757.1 | D16: 62.287
A17: 1987 | B17: 1418.3 | C17: 2234.7 | D17: 81.086
... A54: 2024 | B54: 5505.9 | C54: 49708.369 | D54: 414.891
A55: Grand Total | B55: 178767.5 | C55: 867169.93 | D55: 180.8771

Sheet Dashboard
B2: Cobre chileno / Chilean copper
B4: 2024 production (kt) | E4: 2024 exports (USD m) | H4: 2024 LME (US cents/lb)
B5: =Data!B50 -> 5505.9 | E5: =Data!D50 -> 49708.369 | H5: =Data!C50 -> 414.891
B7: Production, prices and export values have different units. No causal attribution.
B30: ES: Datos y resumen editables. Tabla dinámica en Pivot al abrir la versión final.
B31: EN: Editable source and summary. Native PivotTable on Pivot in the final workbook.

Sheet Summary
A1: Year | B1: Production (kt)
A2: 1976 | B2: =SUMIFS(Data!$B$2:$B$50,Data!$A$2:$A$50,A2) -> 1005.2
A3: 1977 | B3: =SUMIFS(Data!$B$2:$B$50,Data!$A$2:$A$50,A3) -> 1056.2
A4: 1978 | B4: =SUMIFS(Data!$B$2:$B$50,Data!$A$2:$A$50,A4) -> 1035.5
A5: 1979 | B5: =SUMIFS(Data!$B$2:$B$50,Data!$A$2:$A$50,A5) -> 1065
A6: 1980 | B6: =SUMIFS(Data!$B$2:$B$50,Data!$A$2:$A$50,A6) -> 1074.6
A7: 1981 | B7: =SUMIFS(Data!$B$2:$B$50,Data!$A$2:$A$50,A7) -> 1081.1
A8: 1982 | B8: =SUMIFS(Data!$B$2:$B$50,Data!$A$2:$A$50,A8) -> 1240.7
A9: 1983 | B9: =SUMIFS(Data!$B$2:$B$50,Data!$A$2:$A$50,A9) -> 1257.2
A10: 1984 | B10: =SUMIFS(Data!$B$2:$B$50,Data!$A$2:$A$50,A10) -> 1290
A11: 1985 | B11: =SUMIFS(Data!$B$2:$B$50,Data!$A$2:$A$50,A11) -> 1356
A12: 1986 | B12: =SUMIFS(Data!$B$2:$B$50,Data!$A$2:$A$50,A12) -> 1401.1
A13: 1987 | B13: =SUMIFS(Data!$B$2:$B$50,Data!$A$2:$A$50,A13) -> 1418.3
... A50: 2024 | B50: =SUMIFS(Data!$B$2:$B$50,Data!$A$2:$A$50,A50) -> 5505.9

Sheet Data
A1: year | B1: production_kt | C1: price_us_cent_lb | D1: exports_usd_m | F1: Source / Fuente
A2: 1976 | B2: 1005.2 | C2: 63.611 | D2: 1233.2 | F2: COCHILCO, 50 años de la minería en cifras. Annual 1976–2024. Nominal values.
A3: 1977 | B3: 1056.2 | C3: 59.29 | D3: 1161.4
A4: 1978 | B4: 1035.5 | C4: 61.886 | D4: 1218.7
A5: 1979 | B5: 1065 | C5: 89.83 | D5: 1887.9
A6: 1980 | B6: 1074.6 | C6: 99.174 | D6: 2124.7
A7: 1981 | B7: 1081.1 | C7: 78.949 | D7: 1737.8
A8: 1982 | B8: 1240.7 | C8: 67.057 | D8: 1684.6
A9: 1983 | B9: 1257.2 | C9: 72.173 | D9: 1874.9
A10: 1984 | B10: 1290 | C10: 62.449 | D10: 1603.9
A11: 1985 | B11: 1356 | C11: 64.281 | D11: 1788.7
A12: 1986 | B12: 1401.1 | C12: 62.287 | D12: 1757.1
A13: 1987 | B13: 1418.3 | C13: 81.086 | D13: 2234.7
A14: 1988 | B14: 1451 | C14: 117.937 | D14: 3416.2
... A50: 2024 | B50: 5505.9 | C50: 414.891 | D50: 49708.369
